86,122,none
86,121,none
86,121,none
86,121,none
85,124,none
85,123,none
84,125,none
85,123,none
85,122,none
85,123,none
83,123,none
82,123,none
82,124,none
82,123,none
83,118,none
85,115,none
86,113,none
88,116,none
89,123,none
89,129,none
90,129,none
90,127,none
89,125,none
89,124,none
90,122,none
89,118,none
87,114,none
86,112,none
86,104,none
86,99,none
85,94,none
84,90,none
82,87,none
80,84,none
78,81,none
77,78,none
76,74,none
76,73,none
75,69,none
74,66,none
72,64,none
70,61,none
68,60,none
65,59,none
64,58,none
62,56,none
60,56,none
58,57,none
56,57,none
54,57,none
52,57,none
51,57,none
49,54,none
48,53,none
46,51,none
44,49,none
43,47,none
42,45,none
41,44,none
41,44,none
41,42,none
40,42,none
40,42,none
40,41,none
40,41,none
39,42,none
38,42,none
38,41,none
39,42,none
38,41,none
37,40,none
37,41,none
38,41,none
37,42,none
46,43,none
51,45,none
103,69,none
148,86,none
186,110,none
188,138,fist
216,174,fist
191,198,fist
184,218,fist
168,224,fist
160,230,fist
150,225,fist
142,210,fist
136,192,fist
124,177,none
118,156,none
110,129,none
100,106,none
91,92,none
86,85,none
80,83,none
75,91,none
69,94,none
65,99,none
62,103,none
59,108,none
55,115,none
52,126,none
50,135,none
48,145,none
46,153,none
45,163,none
43,169,none
42,173,none
43,176,none
43,181,none
43,183,none
43,181,none
43,177,none
43,172,none
43,165,none
42,157,none
44,148,none
44,142,none
44,138,none
44,132,none
44,128,none
43,122,none
43,116,none
43,108,none
45,100,none
45,92,none
45,86,none
45,79,none
46,76,none
47,73,none
48,71,none
50,68,none
85,76,none
128,88,none
199,96,none
196,99,none
203,131,fist
186,140,fist
170,172,fist
155,192,fist
141,192,fist
125,190,none
115,189,none
105,170,none
95,153,none
85,133,none
78,113,none
71,98,none
66,87,none
61,80,none
58,76,none
54,75,none
53,75,none
50,76,none
48,79,none
48,79,none
47,83,none
46,87,none
45,92,none
45,98,none
44,101,none
44,103,none
45,106,none
45,113,none
44,116,none
44,117,none
43,115,none
43,118,none
43,115,none
44,110,none
45,104,none
46,100,none
45,97,none
44,93,none
44,89,none
45,86,none
45,82,none
46,77,none
47,74,none
47,71,none
47,68,none
48,64,none
49,63,none
50,61,none
52,60,none
53,59,none
53,60,none
53,59,none
52,58,none
52,56,none
63,58,none
75,60,none
136,82,none
164,75,none
203,93,none
208,106,none
211,133,fist
182,158,fist
172,179,fist
154,191,fist
140,213,fist
129,217,fist
118,217,none
104,209,none
92,210,none
85,208,none
78,191,none
70,170,none
63,150,none
58,131,none
54,111,none
53,98,none
52,88,none
51,84,none
51,83,none
51,84,none
52,84,none
53,86,none
54,92,none
54,97,none
55,102,none
57,105,none
59,105,none
60,103,none
63,105,none
67,104,none
71,103,none
75,100,none
78,97,none
82,95,none
86,92,none
91,89,none
95,83,none
100,77,none
108,70,none
115,65,none
120,65,none
124,70,none
128,73,none
132,80,none
135,90,none
140,100,none
148,112,none
152,129,fist
157,139,fist
160,147,fist
152,165,fist
164,192,fist
172,217,fist
200,220,fist
226,230,fist
203,250,fist
187,241,fist
173,240,fist
162,238,fist
144,255,fist
139,244,fist
137,234,fist
139,217,fist
135,219,fist
134,200,fist
135,184,fist
136,162,fist
132,150,fist
129,129,fist
128,114,none
129,100,none
126,92,none
123,86,none
120,80,none
117,74,none
112,70,none
106,67,none
99,64,none
91,62,none
84,62,none
77,61,none
70,59,none
65,57,none
61,56,none
57,55,none
55,55,none
55,55,none
54,54,none
54,53,none
54,53,none
54,55,none
53,54,none
52,53,none
51,53,none
52,53,none
52,53,none
53,51,none
53,52,none
53,52,none
54,51,none
56,52,none
56,54,none
62,53,none
73,56,none
138,82,none
162,79,none
192,99,none
212,105,none
220,109,none
192,97,none
173,88,none
157,89,none
148,93,none
135,99,none
127,100,none
115,95,none
107,100,none
95,102,none
87,104,none
81,107,none
76,99,none
71,96,none
68,95,none
65,100,none
62,137,none
59,164,none
57,183,none
56,192,none
54,192,none
54,191,none
55,190,none
55,186,none
53,174,none
52,160,none
51,147,none
51,133,none
51,120,none
50,110,none
51,102,none
51,94,none
50,86,none
49,80,none
48,75,none
47,72,none
47,68,none
47,66,none
47,65,none
46,62,none
46,61,none
46,62,none
46,62,none
46,61,none
46,61,none
46,60,none
46,59,none
46,61,none
47,61,none
49,63,none
53,65,none
67,72,none
112,86,none
153,103,none
168,96,none
198,109,none
183,101,none
163,90,none
159,84,none
142,81,none
131,83,none
119,80,none
108,73,none
98,73,none
91,70,none
85,72,none
79,70,none
75,64,none
71,64,none
67,59,none
63,60,none
59,57,none
56,56,none
54,55,none
52,53,none
49,54,none
48,53,none
47,54,none
46,53,none
46,54,none
45,53,none
45,54,none
44,60,none
44,57,none
43,55,none
43,54,none
43,55,none
43,53,none
43,53,none
43,52,none
43,51,none
43,49,none
43,49,none
43,48,none
43,48,none
44,47,none
43,46,none
43,47,none
43,48,none
43,50,none
42,49,none
42,49,none
44,51,none
44,51,none
45,54,none
45,57,none
45,59,none
46,61,none
46,62,none
46,67,none
50,70,none
56,77,none
85,88,none
126,99,none
159,107,none
161,113,none
148,106,none
150,97,none
137,88,none
130,83,none
145,85,none
134,82,none
122,76,none
112,69,none
103,67,none
96,67,none
89,62,none
84,58,none
79,59,none
74,55,none
70,57,none
67,57,none
63,55,none
61,56,none
58,57,none
57,59,none
55,61,none
53,65,none
51,67,none
49,70,none
49,71,none
48,73,none
48,75,none
48,77,none
48,78,none
48,76,none
49,74,none
49,72,none
50,70,none
50,70,none
50,68,none
50,67,none
51,66,none
51,66,none
51,68,none
52,72,none
52,74,none
52,77,none
52,78,none
52,80,none
53,82,none
53,83,none
52,87,none
57,92,none
68,97,none
89,106,none
100,107,none
148,124,none
181,136,fist
196,126,fist
182,108,none
162,95,none
153,88,none
140,91,none
134,87,none
121,75,none
110,72,none
101,71,none
93,69,none
87,64,none
82,59,none
77,56,none
73,53,none
69,53,none
65,51,none
62,53,none
59,52,none
57,51,none
55,50,none
53,52,none
51,54,none
50,54,none
48,56,none
47,56,none
46,61,none
45,63,none
45,66,none
45,68,none
45,69,none
45,70,none
45,72,none
46,70,none
46,67,none
46,65,none
45,63,none
46,63,none
46,64,none
47,66,none
48,65,none
48,65,none
48,64,none
48,65,none
48,68,none
49,67,none
49,67,none
48,67,none
49,67,none
48,68,none
48,69,none
47,68,none
47,68,none
46,68,none
46,68,none
48,69,none
64,71,none
112,84,none
134,96,none
179,111,none
219,115,none
198,101,none
187,86,none
166,81,none
163,75,none
147,78,none
135,76,none
126,69,none
110,65,none
100,74,none
92,78,none
87,70,none
82,67,none
78,61,none
75,62,none
72,66,none
70,66,none
68,65,none
66,63,none
65,62,none
64,60,none
62,62,none
60,59,none
58,57,none
56,54,none
54,55,none
53,54,none
51,54,none
49,54,none
48,53,none
48,53,none
48,52,none
48,51,none
48,54,none
47,51,none
47,51,none
46,50,none
46,48,none
47,48,none
47,47,none
48,48,none
49,47,none
50,47,none
50,47,none
49,47,none
49,45,none
49,44,none
49,45,none
48,45,none
47,46,none
47,46,none
48,49,none
48,49,none
49,48,none
49,49,none
50,50,none
50,49,none
50,49,none
60,48,none
78,54,none
106,57,none
150,71,none
222,76,none
210,93,none
224,84,none
189,78,none
171,74,none
186,79,none
185,78,none
161,73,none
136,73,none
118,73,none
108,74,none
101,86,none
89,87,none
80,81,none
75,76,none
71,72,none
70,76,none
68,76,none
67,75,none
66,72,none
66,70,none
66,69,none
66,68,none
65,67,none
64,66,none
63,65,none
62,64,none
61,65,none
62,65,none
62,66,none
63,65,none
64,65,none
64,64,none
64,63,none
63,62,none
62,62,none
62,61,none
61,61,none
61,60,none
61,60,none
60,59,none
59,55,none
58,55,none
56,55,none
54,54,none
52,54,none
51,52,none
50,52,none
49,53,none
48,52,none
47,51,none
46,50,none
46,50,none
48,52,none
51,52,none
69,54,none
90,59,none
147,82,none
192,77,none
176,75,none
187,76,none
170,76,none
151,80,none
158,89,none
137,88,none
119,95,none
108,100,none
99,103,none
97,107,none
95,109,none
90,101,none
85,94,none
83,94,none
81,94,none
79,90,none
78,89,none
78,85,none
77,81,none
78,78,none
79,79,none
80,77,none
81,75,none
82,73,none
83,72,none
85,71,none
87,68,none
87,64,none
88,61,none
87,60,none
87,58,none
85,57,none
83,57,none
81,56,none
79,56,none
76,54,none
74,54,none
71,53,none
69,57,none
67,56,none
65,54,none
63,52,none
63,50,none
61,48,none
61,48,none
60,48,none
59,48,none
56,47,none
56,48,none
54,46,none
53,46,none
51,46,none
52,47,none
53,47,none
59,58,none
79,66,none
128,86,none
178,102,none
236,111,none
261,116,none
238,117,none
196,111,none
162,107,none
137,100,none
128,105,none
108,97,none
95,91,none
85,91,none
77,84,none
70,84,none
64,80,none
60,78,none
57,76,none
55,72,none
53,69,none
53,65,none
52,62,none
51,64,none
51,64,none
50,59,none
50,57,none
51,57,none
50,57,none
50,58,none
49,59,none
49,58,none
48,57,none
48,57,none
48,55,none
48,54,none
48,54,none
48,54,none
48,54,none
47,51,none
47,52,none
47,55,none
47,55,none
47,54,none
47,54,none
47,57,none
47,55,none
47,56,none
47,56,none
46,55,none
46,54,none
45,55,none
45,55,none
45,55,none
45,54,none
45,55,none
44,54,none
65,57,none
98,73,none
103,69,none
132,68,none
175,65,none
159,63,none
139,58,none
128,56,none
119,55,none
105,59,none
101,57,none
94,56,none
86,51,none
82,53,none
77,56,none
73,57,none
69,60,none
65,59,none
62,59,none
60,62,none
57,63,none
55,63,none
52,62,none
51,60,none
49,59,none
48,59,none
47,59,none
47,58,none
46,57,none
46,56,none
45,54,none
45,55,none
45,53,none
44,53,none
44,52,none
43,51,none
44,51,none
44,50,none
44,50,none
44,50,none
44,51,none
43,50,none
44,50,none
44,51,none
43,52,none
43,52,none
43,51,none
44,51,none
43,52,none
44,51,none
43,50,none
43,49,none
43,50,none
43,54,none
43,53,none
43,52,none
43,52,none
43,50,none
44,53,none
45,55,none
49,55,none
76,56,none
134,80,none
163,85,none
210,100,none
235,112,none
235,103,none
191,97,none
162,92,none
139,102,none
115,92,none
99,83,none
88,81,none
79,81,none
71,81,none
65,77,none
61,76,none
57,74,none
54,70,none
51,70,none
50,69,none
48,70,none
47,69,none
47,70,none
46,67,none
45,66,none
45,62,none
45,59,none
44,57,none
44,54,none
44,53,none
43,52,none
44,50,none
43,50,none
43,49,none
42,49,none
43,53,none
43,51,none
42,50,none
42,49,none
43,50,none
43,49,none
43,48,none
43,49,none
43,49,none
43,49,none
43,47,none
44,49,none
45,52,none
46,51,none
46,50,none
46,49,none
46,50,none
46,49,none
48,49,none
51,47,none
54,47,none
69,50,none
147,76,none
205,84,none
218,83,none
198,85,none
178,87,none
173,91,none
158,88,none
152,88,none
133,78,none
112,71,none
97,69,none
88,77,none
82,84,none
75,79,none
70,72,none
65,67,none
62,66,none
60,68,none
59,64,none
57,61,none
56,59,none
54,54,none
52,53,none
50,50,none
49,51,none
48,50,none
47,51,none
46,50,none
46,50,none
46,50,none
46,51,none
45,50,none
45,50,none
44,49,none
44,51,none
44,55,none
44,55,none
44,53,none
44,51,none
43,49,none
43,50,none
43,49,none
43,52,none
43,51,none
43,49,none
43,49,none
42,53,none
42,54,none
42,53,none
42,52,none
42,51,none
43,50,none
43,48,none
44,46,none
45,45,none
46,47,none
47,45,none
47,46,none
46,45,none
68,54,none
96,58,none
117,62,none
162,79,none
178,95,none
197,102,none
202,101,none
173,107,none
151,108,none
126,120,none
104,106,none
93,95,none
83,90,none
75,90,none
69,82,none
64,76,none
60,69,none
56,65,none
53,61,none
51,61,none
49,58,none
48,58,none
46,57,none
47,55,none
47,52,none
47,52,none
48,51,none
48,50,none
48,49,none
49,49,none
49,50,none
50,50,none
50,51,none
50,51,none
50,51,none
50,51,none
49,51,none
49,53,none
49,54,none
49,55,none
49,56,none
49,58,none
48,56,none
48,58,none
47,57,none
46,58,none
46,58,none
45,56,none
46,55,none
46,54,none
47,54,none
47,54,none
47,55,none
47,52,none
47,54,none
47,51,none
47,50,none
47,53,none
48,51,none
48,49,none
47,49,none
66,54,none
73,54,none
90,64,none
117,72,none
127,76,none
163,92,none
173,92,none
160,86,none
145,90,none
127,84,none
114,80,none
106,76,none
93,72,none
84,73,none
77,67,none
73,64,none
69,65,none
65,69,none
63,64,none
61,61,none
60,56,none
59,53,none
59,51,none
60,53,none
61,53,none
62,51,none
62,50,none
63,50,none
62,50,none
63,50,none
64,49,none
65,48,none
64,49,none
65,49,none
66,50,none
66,50,none
65,49,none
65,48,none
64,47,none
63,47,none
62,46,none
63,46,none
62,46,none
62,47,none
62,48,none
60,46,none
60,47,none
60,46,none
60,47,none
60,46,none
59,48,none
59,47,none
59,47,none
59,46,none
59,46,none
60,50,none
61,51,none
57,48,none
61,49,none
88,53,none
99,62,none
120,66,none
125,69,none
120,68,none
111,64,none
114,67,none
101,67,none
92,62,none
83,59,none
76,63,none
72,63,none
71,62,none
66,57,none
63,55,none
60,53,none
56,58,none
55,59,none
53,55,none
52,54,none
51,52,none
51,53,none
51,53,none
51,51,none
51,52,none
51,51,none
51,53,none
51,53,none
50,53,none
50,54,none
50,56,none
50,61,none
49,59,none
48,58,none
48,57,none
47,55,none
47,53,none
47,53,none
46,51,none
47,51,none
48,49,none
47,49,none
47,50,none
46,50,none
46,50,none
47,51,none
46,50,none
46,50,none
46,51,none
46,51,none
46,49,none
47,49,none
46,49,none
46,48,none
47,50,none
48,51,none
60,49,none
69,51,none
115,58,none
132,66,none
125,72,none
145,75,none
138,74,none
127,81,none
125,90,none
111,95,none
98,90,none
90,88,none
80,85,none
74,88,none
67,88,none
65,81,none
60,78,none
58,73,none
56,71,none
54,65,none
52,66,none
51,65,none
50,62,none
49,61,none
48,61,none
48,61,none
49,59,none
50,59,none
50,58,none
51,58,none
51,56,none
52,54,none
52,52,none
52,52,none
52,51,none
52,50,none
51,49,none
51,48,none
50,47,none
50,49,none
50,48,none
50,48,none
50,50,none
49,51,none
49,51,none
48,51,none
48,49,none
47,53,none
46,54,none
46,53,none
45,52,none
45,50,none
44,47,none
44,45,none
44,46,none
45,48,none
45,49,none
45,49,none
46,49,none
53,53,none
55,53,none
69,61,none
100,69,none
140,86,none
164,95,none
195,101,none
172,94,none
144,93,none
141,100,none
138,107,none
114,108,none
103,95,none
95,89,none
87,87,none
82,88,none
76,82,none
71,74,none
67,69,none
62,64,none
59,64,none
56,59,none
54,59,none
53,60,none
53,56,none
52,54,none
53,52,none
53,50,none
53,53,none
55,53,none
56,56,none
56,54,none
56,52,none
55,50,none
55,51,none
54,51,none
54,53,none
54,55,none
53,56,none
52,55,none
52,61,none
51,59,none
50,60,none
50,61,none
49,61,none
49,61,none
49,62,none
48,64,none
48,64,none
48,63,none
48,66,none
47,66,none
47,67,none
46,66,none
46,63,none
46,64,none
47,64,none
47,64,none
48,62,none
49,61,none
72,69,none
85,70,none
138,66,none
183,73,none
212,78,none
227,84,none
221,78,none
196,69,none
172,74,none
162,67,none
146,72,none
128,77,none
110,73,none
98,77,none
91,73,none
82,72,none
75,72,none
68,68,none
64,64,none
60,68,none
57,69,none
55,67,none
54,62,none
53,59,none
53,56,none
53,57,none
53,55,none
54,52,none
56,51,none
56,50,none
56,51,none
57,53,none
56,51,none
56,51,none
57,52,none
57,56,none
57,60,none
57,64,none
57,64,none
56,63,none
54,61,none
53,59,none
52,55,none
51,54,none
51,56,none
51,57,none
51,58,none
52,57,none
52,56,none
53,57,none
54,61,none
54,60,none
54,58,none
53,58,none
54,61,none
53,60,none
52,62,none
85,62,none
138,80,none
170,88,none
222,88,none
197,82,none
190,79,none
161,77,none
147,69,none
129,78,none
114,73,none
108,70,none
102,68,none
96,74,none
92,78,none
87,84,none
82,79,none
79,73,none
78,69,none
77,63,none
77,66,none
78,65,none
79,62,none
81,59,none
83,57,none
84,55,none
85,57,none
85,57,none
84,55,none
83,56,none
81,58,none
80,56,none
79,54,none
77,52,none
76,51,none
74,51,none
73,52,none
72,51,none
71,50,none
71,49,none
71,49,none
71,48,none
71,48,none
71,50,none
70,49,none
70,49,none
69,50,none
68,51,none
67,50,none
73,52,none
81,52,none
94,50,none
149,71,none
134,79,none
134,78,none
120,71,none
109,68,none
106,68,none
111,67,none
132,71,none
115,66,none
114,68,none
101,63,none
95,62,none
90,61,none
86,71,none
81,69,none
75,71,none
75,72,none
72,67,none
70,64,none
69,63,none
68,64,none
68,60,none
68,56,none
68,53,none
68,50,none
68,54,none
68,61,none
68,57,none
68,55,none
68,55,none
67,58,none
66,59,none
65,57,none
65,55,none
64,53,none
63,56,none
63,56,none
62,54,none
62,52,none
62,51,none
62,53,none
62,60,none
62,58,none
60,55,none
60,54,none
59,52,none
58,50,none
58,54,none
57,52,none
56,51,none
56,54,none
55,55,none
55,58,none
55,62,none
55,59,none
55,58,none
54,58,none
53,55,none
55,57,none
53,58,none
54,54,none
58,52,none
66,55,none
120,66,none
126,60,none
138,59,none
131,63,none
121,57,none
128,64,none
117,63,none
102,64,none
93,60,none
91,69,none
82,65,none
76,78,none
69,76,none
64,71,none
59,68,none
57,74,none
53,74,none
51,71,none
49,67,none
48,64,none
48,67,none
47,68,none
48,67,none
48,63,none
48,60,none
48,61,none
48,57,none
49,56,none
49,56,none
49,55,none
49,57,none
48,55,none
49,56,none
48,57,none
48,56,none
47,56,none
47,55,none
47,58,none
47,57,none
47,56,none
46,55,none
45,54,none
45,55,none
44,55,none
44,53,none
43,53,none
43,53,none
43,52,none
43,50,none
44,54,none
56,58,none
57,57,none
62,58,none
62,52,none
87,56,none
134,65,none
144,64,none
158,64,none
131,59,none
123,64,none
122,67,none
105,64,none
103,61,none
93,57,none
85,58,none
78,60,none
75,61,none
72,67,none
68,66,none
64,66,none
60,72,none
58,73,none
54,69,none
53,62,none
52,62,none
51,61,none
50,59,none
50,56,none
50,54,none
50,52,none
51,55,none
53,53,none
53,51,none
54,49,none
54,52,none
54,53,none
54,52,none
54,51,none
53,51,none
52,56,none
52,61,none
51,58,none
51,56,none
51,57,none
50,59,none
49,59,none
48,58,none
48,60,none
47,61,none
46,61,none
45,61,none
45,57,none
44,57,none
45,58,none
45,58,none
45,57,none
45,58,none
46,60,none
46,63,none
46,61,none
46,58,none
45,56,none
45,58,none
44,57,none
44,54,none
44,49,none
46,48,none
68,48,none
72,46,none
93,57,none
172,74,none
221,85,none
221,91,none
231,95,none
210,85,none
183,78,none
171,75,none
158,81,none
148,78,none
134,73,none
119,68,none
106,73,none
95,74,none
89,73,none
83,68,none
77,63,none
73,71,none
67,76,none
63,78,none
61,71,none
58,69,none
57,63,none
56,66,none
57,66,none
56,67,none
57,64,none
57,64,none
58,64,none
58,61,none
59,58,none
59,57,none
59,57,none
59,55,none
58,53,none
57,51,none
57,51,none
55,51,none
55,51,none
54,52,none
54,54,none
54,54,none
53,52,none
53,53,none
53,54,none
53,55,none
53,57,none
52,57,none
52,57,none
52,56,none
52,55,none
52,53,none
52,54,none
51,55,none
50,53,none
51,54,none
52,54,none
58,55,none
57,54,none
57,53,none
69,58,none
66,55,none
86,58,none
109,64,none
96,60,none
99,60,none
95,57,none
88,55,none
84,56,none
79,58,none
74,61,none
71,62,none
69,60,none
70,59,none
74,61,none
69,59,none
66,58,none
63,56,none
60,57,none
58,72,none
57,72,none
55,69,none
54,66,none
53,61,none
53,57,none
50,56,none
51,56,none
51,54,none
52,54,none
53,54,none
54,57,none
56,55,none
58,54,none
59,55,none
60,57,none
59,55,none
59,57,none
59,55,none
59,54,none
59,52,none
58,52,none
57,50,none
56,48,none
55,46,none
56,47,none
56,47,none
55,45,none
54,46,none
55,45,none
55,46,none
55,46,none
55,49,none
56,50,none
57,51,none
57,50,none
57,51,none
57,51,none
57,50,none
57,48,none
55,48,none
63,52,none
73,54,none
87,64,none
142,69,none
175,79,none
168,77,none
163,72,none
178,67,none
154,63,none
151,74,none
129,66,none
115,62,none
101,61,none
93,63,none
90,61,none
87,60,none
79,60,none
75,60,none
70,57,none
67,59,none
64,74,none
62,69,none
59,65,none
59,68,none
58,62,none
56,61,none
55,58,none
56,56,none
57,54,none
58,55,none
58,59,none
59,60,none
60,58,none
60,55,none
61,55,none
60,57,none
60,58,none
61,56,none
60,52,none
60,51,none
59,51,none
59,51,none
59,51,none
59,51,none
59,52,none
59,51,none
58,49,none
58,49,none
58,49,none
58,49,none
57,48,none
56,47,none
56,48,none
56,49,none
55,49,none
56,49,none
55,49,none
59,50,none
68,48,none
124,74,none
138,79,none
158,79,none
200,88,none
171,83,none
146,74,none
130,70,none
123,75,none
122,69,none
111,66,none
96,63,none
85,62,none
80,64,none
78,61,none
73,75,none
69,69,none
66,67,none
62,62,none
59,65,none
59,70,none
58,68,none
57,66,none
58,63,none
59,69,none
61,68,none
64,65,none
65,61,none
67,60,none
69,62,none
71,62,none
74,60,none
75,57,none
76,56,none
77,56,none
75,60,none
72,60,none
70,60,none
67,59,none
65,61,none
64,64,none
63,62,none
62,60,none
61,58,none
60,56,none
59,59,none
58,61,none
58,59,none
58,56,none
57,53,none
57,52,none
57,56,none
56,62,none
55,58,none
54,55,none
53,53,none
53,54,none
53,53,none
53,53,none
53,52,none
52,51,none
51,49,none
51,50,none
51,49,none
50,48,none
61,56,none
65,54,none
68,54,none
62,55,none
71,60,none
120,73,none
144,80,none
166,81,none
170,82,none
147,79,none
130,82,none
133,86,none
121,85,none
111,77,none
101,73,none
89,94,none
83,96,none
77,92,none
75,84,none
71,102,none
64,96,none
60,88,none
58,82,none
59,93,none
57,83,none
58,88,none
60,78,none
63,71,none
66,66,none
69,62,none
72,62,none
74,60,none
74,60,none
73,61,none
73,115,none
71,102,none
69,91,none
68,84,none
68,78,none
65,77,none
64,75,none
63,71,none
62,69,none
61,66,none
60,62,none
60,62,none
60,62,none
59,61,none
59,59,none
58,60,none
58,60,none
57,58,none
56,57,none
55,56,none
54,60,none
53,61,none
53,59,none
52,57,none
52,56,none
51,54,none
51,59,none
51,57,none
51,54,none
50,54,none
49,55,none
48,55,none
47,55,none
47,54,none
46,53,none
46,53,none
46,54,none
46,53,none
45,52,none
45,50,none
45,50,none
48,51,none
51,52,none
54,53,none
52,97,none
56,281,none
73,355,none
80,343,none
84,299,none
87,246,none
120,206,none
114,172,none
141,149,fist
148,135,fist
137,137,fist
115,138,none
107,128,none
99,134,none
92,137,none
84,139,none
74,141,none
71,145,none
65,134,none
62,136,none
57,136,none
54,135,none
52,132,none
50,130,none
49,125,none
47,114,none
47,108,none
48,98,none
49,92,none
49,83,none
51,79,none
52,75,none
54,70,none
56,69,none
57,69,none
59,69,none
60,70,none
60,71,none
61,74,none
60,74,none
61,74,none
61,69,none
60,64,none
60,64,none
60,65,none
59,68,none
59,70,none
59,72,none
59,73,none
59,75,none
59,74,none
59,74,none
59,76,none
58,75,none
58,74,none
59,73,none
58,67,none
59,66,none
59,63,none
60,63,none
61,61,none
62,60,none
61,55,none
61,55,none
60,53,none
61,51,none
60,51,none
59,51,none
59,51,none
58,52,none
65,56,none
65,56,none
63,54,none
64,56,none
67,61,none
85,67,none
87,65,none
99,65,none
148,71,none
141,72,none
127,66,none
125,65,none
114,59,none
100,55,none
93,55,none
93,53,none
87,53,none
78,53,none
77,57,none
74,54,none
72,54,none
69,54,none
69,51,none
64,56,none
61,84,none
59,88,none
57,85,none
56,80,none
53,76,none
53,85,none
52,76,none
53,72,none
53,65,none
55,62,none
55,58,none
57,62,none
60,63,none
62,68,none
65,66,none
67,71,none
68,71,none
69,71,none
69,73,none
69,76,none
69,75,none
69,76,none
68,74,none
67,76,none
66,77,none
65,79,none
65,78,none
64,81,none
64,78,none
63,75,none
63,71,none
62,67,none
61,68,none
61,66,none
59,64,none
58,62,none
57,58,none
57,61,none
57,60,none
57,56,none
57,53,none
56,51,none
55,51,none
55,55,none
55,52,none
56,51,none
55,49,none
53,48,none
62,54,none
61,52,none
60,49,none
60,51,none
67,53,none
77,57,none
76,60,none
115,65,none
118,61,none
113,62,none
118,67,none
105,70,none
104,78,none
95,85,none
86,82,none
77,83,none
71,95,none
72,114,none
69,101,none
64,89,none
63,95,none
60,104,none
56,91,none
54,83,none
53,78,none
52,71,none
52,81,none
50,76,none
50,73,none
50,72,none
51,78,none
51,83,none
52,88,none
52,86,none
53,79,none
54,72,none
55,73,none
55,77,none
55,74,none
55,73,none
54,70,none
54,69,none
54,73,none
53,72,none
52,71,none
52,70,none
51,68,none
51,68,none
51,68,none
51,67,none
50,67,none
49,70,none
48,67,none
48,65,none
48,65,none
48,66,none
48,64,none
48,61,none
48,59,none
47,59,none
47,59,none
47,60,none
48,59,none
47,57,none
47,56,none
48,56,none
48,59,none
48,57,none
47,55,none
67,55,none
66,53,none
74,56,none
79,56,none
138,75,none
151,67,none
142,64,none
126,61,none
124,58,none
117,58,none
114,68,none
108,67,none
111,68,none
95,69,none
84,75,none
76,89,none
68,79,none
62,73,none
59,81,none
56,86,none
54,78,none
51,72,none
49,75,none
48,72,none
48,65,none
48,69,none
48,64,none
49,60,none
51,59,none
52,55,none
54,54,none
56,52,none
56,56,none
57,53,none
59,51,none
60,53,none
62,56,none
63,59,none
63,62,none
65,65,none
65,71,none
67,77,none
68,80,none
70,82,none
72,82,none
73,81,none
74,79,none
74,80,none
74,78,none
73,76,none
73,73,none
74,71,none
76,68,none
77,68,none
78,66,none
79,64,none
79,59,none
81,57,none
83,57,none
85,56,none
87,53,none
89,51,none
91,53,none
94,52,none
97,51,none
99,50,none
101,51,none
103,55,none
103,65,none
97,72,none
106,76,none
109,76,none
111,78,none
137,91,none
130,96,none
160,106,none
174,115,none
186,109,none
190,99,none
171,91,none
163,90,none
149,90,none
147,83,none
139,78,none
132,73,none
131,76,none
125,72,none
120,74,none
117,69,none
112,90,none
109,96,none
108,96,none
108,98,none
107,111,none
111,123,none
109,141,none
110,152,none
111,169,none
114,187,none
115,201,none
117,205,none
121,203,none
127,197,fist
128,197,fist
130,184,fist
131,176,fist
136,167,fist
135,171,fist
134,165,fist
134,161,fist
136,157,fist
133,165,fist
131,156,fist
130,148,fist
130,140,fist
126,140,fist
122,136,none
121,127,none
122,116,none
117,117,none
112,112,none
108,106,none
108,97,none
104,96,none
99,93,none
96,90,none
92,85,none
90,82,none
86,79,none
85,74,none
83,68,none
80,65,none
76,65,none
73,62,none
75,62,none
77,61,none
92,68,none
82,66,none
82,65,none
88,70,none
123,74,none
109,82,none
104,90,none
94,102,none
82,112,none
79,117,none
71,119,none
70,115,none
65,111,none
63,116,none
60,114,none
58,127,none
56,125,none
52,120,none
52,120,none
51,121,none
49,111,none
49,97,none
48,92,none
48,88,none
47,79,none
46,71,none
46,67,none
46,62,none
46,62,none
46,64,none
46,70,none
45,75,none
45,81,none
45,85,none
45,86,none
45,90,none
45,93,none
45,98,none
45,99,none
46,101,none
45,104,none
44,106,none
43,106,none
44,108,none
44,110,none
43,105,none
45,102,none
45,102,none
44,99,none
44,97,none
44,94,none
44,95,none
44,95,none
44,93,none
44,93,none
44,93,none
44,96,none
44,97,none
45,98,none
45,99,none
47,95,none
48,96,none
51,97,none
50,99,none
50,98,none
50,94,none
50,90,none
74,92,none
74,94,none
93,95,none
102,94,none
130,101,none
124,113,none
136,115,none
117,123,none
111,126,none
104,129,none
94,130,none
83,133,none
73,128,none
79,131,none
76,133,none
70,131,none
65,124,none
61,118,none
60,139,none
57,139,none
54,129,none
51,120,none
50,115,none
50,110,none
50,95,none
50,85,none
51,77,none
50,69,none
51,67,none
51,63,none
51,61,none
49,57,none
49,57,none
49,57,none
48,58,none
48,57,none
47,55,none
46,59,none
45,58,none
45,57,none
44,55,none
44,53,none
44,59,none
44,55,none
44,54,none
43,53,none
44,52,none
43,53,none
44,55,none
44,54,none
44,54,none
43,52,none
43,52,none
43,50,none
44,52,none
44,53,none
44,53,none
44,56,none
44,62,none
44,60,none
45,61,none
45,59,none
44,55,none
44,52,none
49,53,none
48,52,none
48,51,none
47,53,none
46,49,none
57,51,none
62,54,none
74,61,none
91,58,none
106,62,none
113,60,none
142,60,none
132,62,none
123,56,none
118,54,none
104,57,none
91,64,none
81,66,none
73,64,none
69,72,none
64,76,none
60,70,none
56,66,none
54,61,none
52,59,none
50,59,none
48,61,none
47,63,none
47,66,none
47,66,none
48,63,none
48,59,none
48,55,none
48,53,none
48,59,none
48,56,none
47,54,none
47,52,none
47,50,none
46,48,none
45,48,none
45,48,none
44,49,none
44,48,none
44,48,none
44,48,none
44,50,none
44,49,none
44,50,none
43,49,none
43,47,none
43,49,none
43,48,none
43,48,none
43,47,none
43,47,none
43,50,none
43,48,none
43,48,none
43,48,none
43,52,none
43,52,none
43,52,none
43,53,none
43,55,none
43,54,none
44,59,none
44,57,none
52,62,none
54,59,none
62,62,none
69,67,none
121,86,none
168,105,none
166,91,none
147,88,none
145,85,none
128,82,none
141,88,none
139,96,none
137,90,none
119,81,none
103,88,none
91,101,none
83,102,none
76,94,none
70,99,none
65,91,none
61,84,none
59,80,none
56,77,none
52,85,none
52,84,none
52,79,none
53,74,none
53,70,none
54,69,none
53,67,none
54,66,none
53,63,none
53,60,none
54,60,none
53,54,none
53,56,none
53,57,none
53,58,none
53,61,none
52,64,none
52,64,none
52,63,none
51,62,none
51,64,none
50,59,none
50,61,none
51,61,none
51,60,none
51,58,none
50,58,none
49,54,none
49,53,none
50,54,none
50,54,none
50,53,none
49,50,none
47,49,none
52,52,none
53,49,none
57,52,none
71,55,none
76,59,none
112,62,none
137,72,none
145,69,none
164,64,none
144,64,none
135,62,none
151,62,none
130,64,none
115,70,none
117,68,none
105,64,none
97,106,none
89,112,none
81,110,none
74,98,none
70,118,none
65,102,none
61,91,none
57,82,none
55,79,none
54,74,none
53,69,none
53,70,none
53,66,none
53,64,none
55,60,none
55,58,none
55,55,none
56,58,none
56,53,none
56,54,none
55,54,none
54,53,none
53,52,none
53,55,none
53,57,none
52,56,none
52,55,none
51,55,none
51,51,none
51,52,none
51,54,none
51,55,none
51,55,none
51,57,none
52,57,none
54,58,none
54,56,none
55,54,none
56,53,none
56,53,none
58,53,none
59,55,none
61,53,none
63,55,none
65,53,none
66,55,none
69,54,none
72,53,none
74,54,none
76,56,none
78,59,none
80,61,none
81,63,none
82,67,none
82,70,none
82,73,none
82,77,none
82,82,none
83,86,none
82,95,none
78,106,none
83,111,none
81,116,none
85,119,none
92,101,none
101,89,none
101,79,none
99,72,none
95,67,none
92,62,none
93,63,none
91,60,none
90,57,none
88,58,none
85,61,none
83,69,none
84,74,none
83,67,none
84,63,none
83,62,none
83,64,none
83,64,none
83,72,none
83,71,none
84,71,none
83,74,none
84,80,none
84,87,none
84,95,none
85,99,none
85,100,none
84,104,none
83,105,none
83,102,none
83,99,none
82,99,none
82,98,none
81,100,none
81,95,none
80,91,none
79,88,none
78,84,none
77,81,none
76,77,none
75,72,none
73,69,none
72,68,none
70,70,none
70,69,none
69,66,none
68,65,none
66,63,none
65,64,none
64,63,none
64,61,none
63,59,none
63,58,none
62,57,none
61,57,none
60,56,none
59,54,none
58,52,none
55,49,none
60,50,none
61,48,none
60,48,none
60,49,none
70,50,none
124,63,none
120,70,none
111,78,none
103,80,none
107,88,none
108,92,none
101,93,none
101,99,none
106,99,none
95,104,none
83,98,none
74,113,none
67,117,none
63,132,none
62,156,none
59,147,none
55,129,none
52,112,none
49,97,none
49,94,none
50,89,none
49,82,none
49,75,none
49,70,none
49,69,none
48,68,none
48,66,none
47,63,none
46,61,none
46,64,none
45,65,none
45,65,none
45,65,none
44,66,none
44,65,none
44,64,none
44,61,none
44,62,none
44,62,none
44,63,none
45,60,none
46,62,none
46,65,none
46,64,none
46,62,none
47,61,none
48,60,none
49,63,none
49,62,none
50,61,none
50,59,none
49,57,none
49,54,none
48,53,none
48,50,none
47,50,none
47,48,none
48,47,none
48,47,none
49,46,none
49,46,none
49,45,none
50,45,none
50,44,none
51,43,none
51,44,none
51,44,none
51,44,none
51,44,none
51,45,none
52,46,none
59,51,none
60,52,none
82,63,none
76,59,none
106,62,none
128,63,none
137,60,none
126,56,none
114,53,none
115,55,none
101,54,none
96,58,none
87,56,none
80,54,none
74,73,none
68,77,none
63,77,none
60,71,none
57,67,none
55,63,none
54,59,none
53,57,none
52,61,none
50,58,none
49,55,none
48,54,none
47,53,none
47,51,none
46,56,none
46,61,none
46,60,none
45,58,none
45,55,none
46,55,none
46,62,none
46,62,none
46,84,none
45,190,none
44,376,none
44,606,none
44,789,none
44,908,none
44,967,none
47,973,none
46,973,none
45,973,none
45,973,none
44,973,none
45,973,none
45,973,none
46,973,none
47,973,none
47,973,none
47,973,none
46,934,none
46,889,none
55,841,none
60,781,none
78,718,none
105,658,none
117,588,none
123,519,none
124,449,none
117,391,none
109,338,none
95,290,none
84,241,none
79,207,none
71,193,none
66,163,none
64,137,none
62,117,none
59,104,none
56,93,none
55,91,none
52,85,none
51,78,none
50,75,none
50,73,none
51,69,none
51,65,none
50,64,none
51,63,none
51,61,none
51,60,none
51,59,none
51,59,none
51,59,none
50,63,none
49,66,none
49,68,none
48,70,none
48,73,none
48,77,none
47,82,none
46,84,none
46,86,none
46,88,none
45,87,none
45,87,none
44,88,none
44,88,none
44,88,none
44,89,none
44,89,none
43,90,none
44,90,none
44,90,none
43,87,none
43,90,none
43,90,none
43,91,none
43,91,none
43,88,none
43,89,none
43,89,none
43,88,none
52,89,none
54,95,none
53,98,none
51,100,none
80,99,none
126,102,none
147,108,none
144,112,none
134,117,none
119,118,none
105,116,none
101,107,none
92,107,none
82,120,none
75,127,none
70,123,none
65,126,none
63,126,none
62,120,none
60,119,none
56,120,none
53,118,none
50,113,none
49,118,none
49,117,none
48,110,none
49,103,none
48,100,none
49,100,none
50,110,none
50,114,none
51,117,none
52,116,none
52,121,none
51,122,none
52,120,none
51,118,none
51,117,none
50,110,none
51,117,none
52,118,none
51,117,none
51,113,none
50,106,none
49,109,none
49,110,none
49,111,none
49,110,none
50,112,none
50,108,none
50,102,none
50,99,none
50,96,none
49,94,none
50,94,none
49,92,none
49,92,none
49,91,none
49,90,none
48,88,none
58,86,none
65,82,none
68,81,none
68,86,none
82,84,none
109,89,none
135,95,none
148,91,none
128,92,none
112,90,none
109,81,none
107,74,none
96,82,none
87,89,none
79,90,none
72,85,none
68,87,none
63,87,none
60,92,none
57,87,none
54,81,none
52,76,none
50,70,none
49,68,none
51,78,none
51,77,none
50,71,none
51,70,none
51,66,none
53,71,none
54,72,none
56,73,none
58,72,none
59,73,none
60,72,none
60,72,none
61,76,none
62,76,none
62,74,none
61,72,none
61,72,none
60,70,none
60,69,none
59,67,none
59,67,none
58,66,none
57,65,none
56,64,none
56,66,none
55,65,none
54,63,none
54,60,none
53,58,none
52,55,none
51,56,none
50,55,none
50,55,none
49,55,none
49,52,none
48,55,none
48,54,none
48,55,none
47,54,none
47,53,none
47,51,none
46,49,none
46,51,none
45,52,none
45,52,none
45,56,none
45,57,none
45,53,none
52,52,none
61,56,none
65,56,none
81,66,none
119,85,none
138,87,none
135,89,none
126,80,none
124,69,none
113,63,none
104,58,none
96,62,none
103,62,none
89,60,none
82,58,none
79,55,none
80,57,none
73,62,none
70,64,none
67,62,none
64,59,none
62,58,none
61,56,none
58,58,none
56,55,none
53,53,none
52,55,none
50,58,none
50,56,none
49,54,none
50,53,none
51,50,none
53,49,none
55,51,none
58,49,none
59,49,none
62,48,none
63,51,none
64,51,none
65,50,none
64,50,none
64,49,none
64,48,none
62,48,none
61,48,none
60,47,none
59,48,none
58,48,none
57,49,none
55,50,none
53,53,none
53,51,none
51,50,none
51,49,none
51,48,none
50,46,none
50,45,none
49,45,none
49,45,none
48,45,none
48,45,none
48,45,none
47,48,none
47,47,none
46,46,none
46,46,none
46,46,none
48,47,none
63,50,none
64,50,none
66,49,none
64,44,none
124,67,none
145,74,none
161,76,none
187,75,none
172,76,none
167,73,none
176,74,none
156,68,none
139,66,none
123,66,none
107,78,none
98,78,none
89,73,none
83,76,none
75,87,none
72,105,none
66,106,none
61,93,none
57,82,none
55,77,none
53,71,none
51,68,none
51,64,none
51,62,none
52,59,none
52,58,none
53,64,none
55,63,none
57,60,none
59,60,none
61,61,none
62,66,none
63,63,none
63,62,none
63,60,none
63,58,none
62,57,none
62,57,none
62,54,none
62,53,none
61,51,none
61,50,none
61,55,none
61,55,none
60,53,none
60,52,none
59,50,none
58,51,none
56,48,none
55,48,none
56,49,none
55,48,none
54,48,none
54,47,none
53,49,none
52,51,none
52,50,none
52,49,none
51,48,none
51,51,none
50,50,none
50,50,none
53,48,none
59,53,none
60,51,none
101,64,none
113,65,none
140,81,none
175,92,none
152,80,none
140,77,none
137,74,none
126,66,none
115,64,none
106,63,none
92,59,none
83,56,none
78,55,none
73,75,none
72,74,none
67,66,none
63,66,none
59,62,none
57,58,none
56,60,none
54,59,none
53,65,none
51,58,none
49,55,none
48,53,none
49,53,none
49,51,none
51,51,none
52,51,none
54,49,none
56,52,none
59,51,none
60,53,none
62,57,none
62,60,none
62,61,none
62,62,none
61,65,none
60,64,none
60,64,none
60,64,none
60,65,none
59,65,none
58,63,none
58,60,none
57,58,none
56,59,none
56,57,none
56,58,none
55,55,none
55,53,none
55,53,none
55,52,none
56,56,none
55,54,none
55,53,none
55,52,none
55,51,none
55,53,none
56,54,none
56,52,none
56,52,none
56,51,none
57,51,none
57,52,none
56,55,none
56,57,none
58,54,none
58,52,none
61,54,none
61,53,none
69,62,none
111,72,none
112,71,none
101,67,none
96,65,none
85,60,none
87,59,none
79,58,none
83,61,none
74,59,none
70,55,none
66,53,none
64,51,none
61,50,none
67,52,none
63,50,none
61,48,none
57,45,none
55,58,none
52,64,none
52,69,none
52,68,none
50,63,none
50,61,none
51,67,none
51,69,none
51,74,none
52,75,none
53,79,none
56,82,none
59,85,none
60,92,none
62,90,none
64,92,none
64,94,none
65,98,none
64,103,none
64,106,none
63,108,none
62,106,none
61,103,none
62,100,none
61,94,none
61,93,none
60,90,none
59,88,none
58,83,none
58,80,none
57,76,none
56,74,none
56,72,none
56,71,none
55,71,none
55,70,none
55,70,none
54,69,none
54,68,none
54,66,none
54,66,none
53,64,none
53,62,none
52,59,none
52,58,none
52,58,none
52,57,none
50,57,none
48,59,none
52,61,none
65,62,none
72,68,none
77,68,none
119,78,none
144,68,none
129,66,none
131,68,none
132,63,none
131,60,none
154,60,none
149,61,none
131,59,none
109,53,none
101,63,none
92,80,none
85,76,none
77,71,none
73,76,none
68,72,none
63,68,none
60,63,none
57,59,none
57,66,none
55,60,none
54,63,none
54,60,none
54,57,none
55,57,none
55,54,none
57,53,none
57,53,none
58,53,none
59,51,none
59,50,none
60,48,none
61,48,none
61,53,none
62,53,none
61,51,none
61,50,none
61,49,none
60,48,none
60,46,none
59,46,none
60,45,none
59,44,none
59,44,none
57,49,none
56,48,none
56,46,none
55,46,none
55,45,none
55,45,none
54,44,none
53,45,none
53,45,none
52,47,none
52,46,none
52,46,none
52,48,none
52,48,none
52,47,none
51,46,none
51,45,none
51,45,none
51,46,none
51,47,none
51,47,none
51,49,none
52,50,none
56,50,none
52,48,none
66,52,none
77,50,none
83,53,none
90,48,none
121,67,none
131,69,none
136,66,none
124,64,none
107,58,none
96,53,none
86,54,none
79,54,none
73,54,none
79,53,none
73,62,none
66,61,none
63,62,none
58,68,none
56,68,none
53,65,none
51,64,none
49,63,none
48,62,none
47,63,none
46,60,none
45,60,none
45,67,none
45,61,none
45,61,none
46,58,none
47,60,none
48,58,none
48,57,none
49,55,none
50,53,none
52,51,none
53,50,none
54,49,none
54,48,none
54,47,none
54,48,none
53,48,none
53,47,none
52,46,none
52,46,none
51,45,none
52,45,none
52,44,none
51,46,none
51,46,none
51,47,none
51,47,none
52,44,none
53,45,none
52,44,none
52,44,none
51,44,none
51,51,none
50,50,none
50,49,none
50,48,none
49,46,none
48,48,none
47,46,none
46,48,none
47,50,none
53,54,none
70,50,none
90,53,none
99,61,none
97,60,none
142,74,none
147,74,none
128,68,none
124,66,none
112,62,none
100,57,none
95,53,none
86,54,none
78,53,none
72,55,none
69,56,none
66,51,none
63,50,none
59,51,none
56,54,none
54,54,none
53,54,none
52,57,none
51,55,none
50,58,none
50,60,none
49,62,none
48,61,none
47,60,none
47,63,none
47,60,none
47,59,none
47,55,none
49,55,none
49,53,none
50,51,none
51,53,none
52,53,none
52,50,none
52,51,none
53,51,none
54,50,none
55,51,none
55,51,none
55,53,none
55,51,none
55,52,none
55,52,none
55,51,none
55,53,none
56,54,none
55,56,none
55,55,none
54,53,none
54,53,none
53,53,none
53,55,none
53,55,none
52,54,none
51,52,none
51,53,none
51,55,none
51,56,none
50,53,none
49,52,none
49,53,none
49,54,none
49,54,none
48,52,none
48,51,none
48,51,none
50,51,none
64,53,none
73,58,none
130,68,none
134,61,none
199,71,none
191,77,none
192,81,none
169,73,none
149,72,none
161,68,none
140,74,none
141,73,none
138,76,none
118,68,none
102,78,none
89,81,none
80,79,none
73,86,none
67,85,none
62,89,none
59,83,none
56,78,none
54,74,none
51,68,none
50,64,none
48,62,none
48,60,none
48,62,none
49,68,none
51,68,none
53,68,none
53,67,none
56,74,none
56,77,none
57,78,none
58,78,none
58,76,none
59,74,none
60,71,none
60,70,none
60,70,none
60,69,none
60,65,none
60,64,none
60,65,none
59,65,none
58,64,none
57,62,none
56,59,none
55,60,none
54,61,none
53,60,none
52,58,none
51,54,none
50,51,none
50,51,none
49,50,none
49,50,none
48,49,none
48,48,none
48,49,none
47,50,none
47,49,none
47,48,none
46,49,none
44,47,none
46,46,none
47,49,none
71,59,none
102,63,none
149,69,none
154,79,none
177,84,none
156,78,none
141,72,none
130,68,none
120,66,none
111,66,none
102,65,none
91,63,none
83,59,none
79,56,none
82,61,none
74,59,none
68,60,none
64,61,none
59,67,none
57,67,none
54,65,none
52,68,none
51,66,none
49,65,none
49,74,none
48,74,none
48,68,none
49,65,none
50,62,none
51,58,none
52,56,none
54,62,none
56,62,none
57,61,none
57,58,none
57,59,none
57,60,none
57,58,none
57,55,none
57,53,none
57,54,none
57,55,none
57,54,none
58,52,none
57,52,none
57,51,none
57,49,none
56,48,none
55,48,none
55,47,none
54,49,none
54,48,none
54,50,none
53,49,none
53,48,none
52,50,none
52,47,none
52,48,none
51,48,none
51,47,none
51,49,none
51,47,none
49,49,none
51,50,none
55,50,none
59,51,none
66,49,none
80,48,none
99,62,none
100,67,none
107,64,none
108,62,none
101,63,none
106,61,none
102,59,none
102,60,none
99,56,none
89,55,none
81,58,none
73,58,none
70,78,none
64,82,none
60,79,none
57,73,none
55,74,none
53,67,none
50,63,none
49,59,none
48,55,none
48,53,none
47,49,none
49,57,none
51,55,none
52,53,none
53,52,none
55,60,none
58,57,none
58,56,none
58,55,none
59,54,none
60,51,none
60,51,none
59,49,none
59,47,none
59,47,none
59,47,none
59,45,none
59,46,none
59,44,none
58,44,none
58,44,none
59,45,none
59,45,none
59,45,none
58,46,none
59,47,none
59,47,none
59,47,none
58,46,none
58,46,none
58,46,none
58,48,none
58,48,none
58,48,none
60,48,none
61,47,none
64,50,none
63,52,none
60,53,none
66,55,none
83,59,none
88,67,none
96,64,none
124,63,none
133,67,none
114,62,none
102,58,none
90,56,none
82,54,none
85,51,none
87,51,none
79,50,none
73,49,none
68,56,none
68,56,none
65,66,none
62,67,none
59,65,none
55,61,none
54,64,none
52,66,none
52,64,none
52,61,none
52,56,none
53,53,none
53,51,none
54,50,none
56,51,none
57,53,none
58,51,none
60,55,none
62,51,none
63,49,none
64,48,none
65,47,none
66,46,none
66,44,none
66,43,none
66,45,none
66,45,none
66,43,none
66,43,none
66,42,none
65,42,none
64,45,none
63,44,none
63,46,none
61,45,none
61,44,none
59,46,none
58,44,none
57,43,none
56,42,none
56,42,none
55,42,none
55,45,none
53,45,none
53,48,none
53,47,none
52,46,none
52,50,none
50,48,none
70,54,none
91,55,none
96,51,none
154,77,none
223,96,none
227,84,none
190,78,none
172,80,none
150,79,none
157,77,none
165,75,none
141,68,none
119,65,none
148,75,none
128,91,none
108,92,none
94,82,none
85,74,none
77,72,none
74,72,none
68,66,none
64,63,none
60,61,none
58,67,none
56,66,none
55,67,none
54,66,none
53,63,none
52,59,none
53,63,none
54,61,none
55,58,none
56,56,none
57,55,none
58,53,none
58,50,none
59,51,none
60,50,none
60,49,none
60,48,none
59,49,none
59,49,none
59,52,none
58,52,none
58,54,none
58,54,none
58,53,none
57,53,none
56,51,none
55,51,none
56,55,none
55,56,none
54,55,none
54,53,none
53,52,none
53,52,none
52,47,none
52,47,none
52,46,none
52,46,none
51,44,none
57,43,none
79,51,none
92,56,none
126,66,none
169,64,none
168,61,none
178,66,none
189,62,none
177,58,none
152,58,none
162,65,none
152,59,none
137,59,none
129,60,none
120,64,none
105,63,none
109,59,none
106,58,none
116,57,none
112,56,none
95,52,none
84,49,none
85,50,none
99,54,none
100,56,none
88,55,none
79,50,none
73,61,none
76,60,none
81,70,none
75,77,none
72,87,none
65,118,none
60,125,none
58,119,none
57,127,none
54,148,none
51,137,none
52,131,none
52,124,none
52,112,none
52,103,none
55,104,none
56,99,none
57,88,none
58,83,none
59,79,none
61,74,none
61,71,none
62,71,none
63,70,none
63,65,none
63,62,none
62,56,none
64,62,none
64,68,none
64,65,none
63,64,none
62,61,none
61,60,none
60,60,none
60,54,none
59,52,none
59,52,none
58,54,none
58,55,none
58,54,none
58,55,none
58,54,none
57,57,none
56,56,none
56,56,none
55,55,none
55,55,none
54,55,none
54,56,none
54,54,none
54,50,none
55,50,none
54,49,none
52,49,none
52,50,none
50,50,none
58,52,none
73,57,none
80,59,none
75,59,none
71,60,none
76,60,none
76,58,none
69,62,none
77,65,none
73,66,none
76,64,none
78,64,none
72,64,none
67,64,none
63,67,none
60,73,none
59,84,none
57,81,none
56,83,none
53,77,none
51,80,none
50,77,none
49,74,none
50,73,none
49,73,none
47,72,none
47,70,none
46,67,none
47,65,none
48,65,none
49,69,none
50,74,none
51,73,none
52,69,none
52,66,none
53,62,none
55,60,none
56,59,none
58,59,none
59,60,none
61,58,none
62,56,none
64,54,none
65,54,none
66,54,none
67,54,none
68,55,none
68,53,none
68,52,none
68,53,none
68,55,none
68,57,none
68,55,none
68,54,none
68,55,none
68,52,none
70,51,none
74,52,none
86,52,none
110,57,none
149,62,none
168,75,none
158,76,none
139,75,none
126,71,none
132,74,none
138,70,none
121,68,none
104,67,none
92,69,none
80,80,none
74,81,none
68,82,none
64,79,none
60,67,none
57,70,none
56,65,none
54,61,none
54,58,none
54,55,none
55,54,none
54,54,none
56,55,none
57,54,none
58,52,none
60,53,none
62,52,none
63,52,none
63,52,none
64,52,none
64,54,none
64,53,none
63,55,none
64,56,none
64,60,none
64,59,none
64,63,none
64,69,none
64,71,none
64,76,none
63,77,none
62,80,none
62,84,none
61,88,none
61,86,none
60,86,none
60,85,none
60,85,none
60,89,none
60,88,none
59,86,none
59,85,none
59,87,none
58,90,none
58,87,none
58,87,none
58,89,none
59,95,none
64,96,none
63,91,none
68,97,none
88,104,none
136,109,none
135,94,none
127,86,none
116,81,none
115,78,none
138,84,none
155,94,none
136,106,none
111,111,none
94,117,none
84,146,none
75,138,none
69,132,none
63,124,none
59,112,none
55,97,none
52,86,none
50,78,none
48,69,none
49,64,none
48,60,none
49,56,none
49,53,none
49,50,none
49,49,none
50,52,none
50,51,none
50,49,none
50,48,none
50,50,none
50,51,none
51,51,none
50,53,none
51,54,none
51,56,none
51,63,none
50,62,none
50,63,none
50,65,none
49,66,none
49,67,none
49,66,none
49,64,none
48,66,none
48,63,none
48,63,none
47,62,none
48,60,none
47,61,none
47,59,none
47,58,none
48,55,none
48,55,none
47,53,none
48,56,none
47,54,none
46,50,none
46,49,none
45,48,none
45,47,none
45,48,none
46,50,none
47,49,none
48,50,none
61,59,none
66,63,none
147,97,none
213,121,none
251,126,fist
248,135,fist
214,167,fist
185,151,fist
168,139,fist
141,141,fist
118,148,none
99,176,none
87,199,none
78,231,none
73,247,none
67,260,none
62,272,none
58,280,none
54,300,none
52,293,none
51,286,none
50,254,none
51,216,none
53,205,none
53,189,none
54,183,none
55,171,none
55,159,none
58,161,none
61,160,none
61,157,none
60,155,none
59,158,none
60,160,none
60,158,none
60,163,none
61,163,none
62,161,none
60,157,none
59,151,none
59,146,none
59,141,none
58,141,none
57,139,none
57,140,none
58,137,none
57,137,none
56,136,none
55,132,none
54,125,none
54,111,none
64,111,none
71,115,none
68,113,none
105,112,none
152,122,none
172,139,fist
192,140,fist
161,177,fist
144,197,fist
130,220,fist
121,231,none
104,235,none
96,193,none
90,167,none
81,157,none
74,149,none
68,152,none
64,155,none
60,157,none
57,165,none
55,168,none
53,165,none
51,161,none
49,155,none
49,141,none
51,148,none
52,167,none
52,169,none
53,160,none
52,143,none
52,121,none
53,108,none
52,96,none
53,90,none
53,88,none
53,88,none
53,93,none
53,98,none
52,102,none
52,105,none
53,114,none
53,125,none
54,129,none
54,130,none
53,136,none
53,141,none
53,144,none
52,144,none
53,145,none
52,142,none
52,145,none
52,143,none
52,141,none
51,140,none
51,140,none
51,139,none
52,140,none
52,140,none
51,141,none
51,141,none
49,143,none
49,152,none
63,158,none
75,164,none
147,185,fist
134,194,fist
131,203,fist
121,220,none
110,231,none
107,228,none
99,228,none
94,227,none
85,228,none
78,222,none
75,212,none
69,207,none
68,187,none
65,166,none
62,158,none
61,149,none
58,144,none
56,138,none
56,133,none
53,122,none
51,108,none
52,109,none
51,105,none
51,94,none
51,101,none
51,110,none
51,113,none
53,112,none
56,112,none
56,116,none
56,122,none
56,117,none
55,112,none
56,101,none
55,92,none
55,87,none
54,76,none
54,76,none
53,69,none
52,64,none
53,63,none
53,59,none
53,56,none
53,54,none
53,54,none
53,53,none
53,52,none
52,51,none
52,49,none
51,47,none
52,48,none
52,47,none
52,48,none
53,49,none
54,50,none
54,53,none
51,60,none
50,68,none
59,77,none
64,84,none
97,91,none
123,102,none
117,120,none
112,122,none
112,127,none
110,130,none
101,132,none
97,123,none
91,115,none
82,119,none
75,120,none
82,116,none
74,115,none
67,116,none
63,118,none
59,105,none
57,103,none
54,101,none
52,97,none
51,91,none
51,83,none
50,79,none
51,74,none
53,68,none
54,64,none
55,60,none
57,59,none
59,60,none
59,56,none
60,55,none
60,57,none
61,58,none
62,60,none
61,58,none
61,55,none
61,53,none
61,51,none
59,52,none
58,54,none
57,53,none
57,53,none
56,53,none
55,51,none
54,52,none
54,52,none
54,52,none
54,51,none
54,52,none
54,53,none
53,52,none
53,51,none
52,50,none
51,47,none
50,49,none
54,53,none
57,57,none
56,60,none
67,61,none
90,68,none
110,74,none
130,74,none
152,80,none
129,85,none
118,82,none
117,79,none
107,81,none
95,77,none
92,79,none
85,79,none
78,76,none
73,72,none
69,72,none
65,69,none
62,67,none
60,75,none
58,70,none
56,70,none
55,68,none
54,64,none
53,65,none
51,62,none
51,62,none
50,59,none
50,59,none
51,61,none
52,61,none
54,65,none
56,67,none
58,69,none
59,71,none
61,71,none
62,76,none
63,72,none
63,69,none
62,66,none
63,66,none
63,64,none
63,59,none
63,56,none
63,54,none
62,54,none
61,52,none
61,57,none
60,56,none
59,55,none
59,54,none
59,54,none
57,55,none
57,57,none
57,54,none
56,53,none
56,54,none
56,56,none
56,58,none
63,61,none
75,61,none
101,73,none
115,82,none
194,105,none
202,99,none
180,90,none
173,83,none
147,79,none
133,79,none
118,74,none
109,69,none
94,67,none
86,60,none
79,61,none
73,80,none
67,77,none
62,70,none
59,69,none
56,64,none
54,60,none
52,57,none
50,55,none
49,50,none
49,50,none
50,50,none
51,48,none
53,50,none
55,51,none
56,52,none
58,56,none
59,60,none
60,63,none
61,66,none
63,71,none
64,71,none
65,75,none
65,74,none
67,75,none
67,73,none
67,76,none
66,79,none
66,82,none
66,82,none
66,80,none
65,79,none
65,79,none
66,81,none
66,79,none
66,77,none
65,74,none
66,77,none
66,76,none
66,71,none
66,70,none
66,68,none
66,63,none
65,61,none
64,59,none
64,56,none
65,57,none
76,61,none
88,64,none
118,74,none
173,90,none
162,88,none
156,83,none
144,75,none
125,71,none
113,64,none
99,69,none
92,70,none
84,67,none
82,73,none
85,75,none
83,74,none
84,74,none
82,71,none
83,79,none
81,77,none
79,76,none
78,76,none
77,78,none
79,71,none
78,75,none
79,74,none
80,74,none
82,79,none
84,87,none
87,93,none
89,100,none
92,107,none
92,116,none
92,124,none
92,134,none
92,142,none
89,155,none
86,166,none
84,175,none
83,183,none
82,188,none
82,190,none
82,191,none
82,194,none
81,191,none
79,178,none
77,164,none
76,147,none
75,132,none
75,117,none
75,105,none
75,91,none
74,83,none
73,76,none
72,70,none
71,67,none
71,62,none
71,61,none
71,57,none
71,56,none
70,56,none
72,55,none
68,55,none
80,63,none
76,63,none
77,66,none
89,77,none
106,84,none
114,101,none
108,113,none
102,122,none
104,136,none
91,144,none
80,151,none
76,153,none
69,162,none
65,151,none
61,140,none
57,125,none
56,116,none
55,98,none
56,86,none
56,78,none
58,75,none
59,78,none
61,72,none
63,69,none
66,69,none
68,71,none
69,68,none
71,67,none
73,74,none
75,71,none
75,70,none
76,71,none
76,71,none
77,76,none
77,74,none
76,72,none
76,71,none
75,71,none
74,71,none
74,70,none
74,67,none
73,66,none
72,65,none
71,63,none
70,64,none
70,62,none
69,61,none
68,59,none
67,59,none
66,58,none
66,57,none
65,59,none
64,57,none
63,55,none
62,57,none
59,54,none
61,53,none
60,52,none
56,50,none
77,62,none
83,62,none
98,68,none
123,72,none
150,81,none
147,82,none
141,92,none
134,102,none
125,107,none
114,119,none
108,119,none
98,114,none
96,113,none
89,126,none
82,126,none
77,115,none
77,120,none
75,121,none
72,114,none
69,100,none
67,88,none
64,86,none
61,77,none
